stid,name,lat,n_days,winter_mean_h,interannual_cv_pct,dark2_pct,spell_cvar80_t1,spell_cvar80_t2,spell_cvar80_t3,spell_cvar80_1991_2005,spell_cvar80_2006_2020
a1441,野母崎,32.578333,10753,4.336,7.60,36.82,7.00,8.00,11.67,8.67,7.33
s47401,稚内,45.415,10952,2.231,15.14,63.57,15.83,25.83,38.50,26.67,24.67
s47402,北見枝幸,44.94,10944,3.110,9.55,43.79,8.17,9.83,12.00,10.33,9.00
s47404,羽幌,44.363333,10940,2.316,13.28,63.05,16.50,25.67,32.17,23.00,28.00
s47405,雄武,44.58,10947,3.683,7.61,34.20,7.50,9.00,12.17,8.67,9.33
s47406,留萌,43.945,10956,2.175,14.30,65.25,18.33,32.50,33.67,29.33,34.33
s47407,旭川,43.756667,10956,2.866,9.25,48.70,9.00,14.00,19.00,13.33,14.00
s47409,網走,44.016667,10953,4.365,5.21,30.92,6.17,9.50,10.67,10.33,8.33
s47411,小樽,43.181667,10957,2.705,9.52,51.04,7.67,11.17,17.00,11.00,11.33
s47412,札幌,43.06,10957,3.441,8.31,37.97,5.17,9.00,10.67,8.67,9.33
s47413,岩見沢,43.211667,10957,3.418,8.42,43.08,6.33,10.33,14.67,8.67,11.33
s47417,帯広,42.921667,10948,6.205,5.45,17.17,4.33,4.50,4.50,4.67,4.33
s47418,釧路,42.985,10946,6.031,5.53,19.22,4.17,5.17,5.67,5.00,5.33
s47420,根室,43.33,10948,5.354,6.81,23.89,4.67,6.50,6.83,6.33,6.33
s47421,寿都,42.795,10931,1.763,15.58,71.29,22.83,36.17,50.17,30.00,39.67
s47423,室蘭,42.311667,10946,3.768,7.09,36.36,4.17,8.50,13.00,8.67,8.33
s47424,苫小牧,42.623333,10956,4.676,5.98,23.05,4.17,5.17,6.33,4.67,5.67
s47426,浦河,42.161667,10948,4.844,6.45,29.37,4.50,5.83,7.33,6.33,5.33
s47428,江差,41.866667,10950,2.080,14.87,66.09,13.83,27.17,34.33,29.00,24.67
s47430,函館,41.816667,10957,3.838,7.46,34.46,4.67,6.67,9.33,6.00,7.33
s47433,倶知安,42.9,10945,2.235,13.44,61.97,12.83,21.67,25.00,21.33,21.00
s47435,紋別,44.345,10949,3.785,6.01,33.72,8.17,8.50,10.67,9.00,8.00
s47440,広尾,42.293333,10945,5.388,6.68,22.94,5.17,5.67,6.33,4.67,6.00
s47512,大船渡,39.063333,10933,4.660,6.87,23.34,4.33,4.67,5.50,4.33,5.00
s47520,新庄,38.756667,10901,2.045,10.40,63.33,11.67,23.00,30.83,18.00,25.00
s47570,若松,37.488333,10955,3.156,7.76,44.69,6.50,9.67,14.17,10.67,7.33
s47574,深浦,40.645,10911,1.804,14.41,69.90,16.83,29.50,39.67,25.33,32.67
s47575,青森,40.821667,10954,2.532,10.66,55.80,10.83,14.83,24.50,15.00,14.33
s47576,むつ,41.283333,10934,3.087,7.79,42.93,7.17,10.83,13.67,8.00,11.33
s47581,八戸,40.526667,10953,4.480,6.26,23.12,3.83,5.17,6.67,5.33,5.00
s47582,秋田,39.716667,10951,2.338,13.88,61.70,12.83,24.67,30.50,24.33,24.33
s47584,盛岡,39.698333,10954,4.100,6.79,31.31,5.33,5.83,6.50,5.67,6.00
s47585,宮古,39.646667,10919,5.189,6.03,20.49,4.50,5.00,5.83,5.33,4.33
s47587,酒田,38.908333,10925,2.235,10.60,62.74,11.00,19.67,37.17,19.33,20.00
s47588,山形,38.255,10952,3.280,7.66,42.13,6.50,10.33,12.67,12.00,8.00
s47590,仙台,38.261667,10952,5.044,6.17,21.60,4.17,4.50,5.17,4.67,4.33
s47592,石巻,38.426667,10946,5.359,5.76,20.65,4.00,4.33,5.17,4.00,4.67
s47595,福島,37.758333,10952,4.626,6.01,26.16,4.33,5.33,6.17,5.33,5.33
s47597,白河,37.131667,10909,5.166,5.46,21.84,4.17,4.83,5.50,5.00,4.67
s47598,小名浜,36.946667,10950,5.996,6.51,21.26,4.17,4.50,5.33,4.33,4.67
s47600,輪島,37.39,10953,2.517,10.48,59.21,9.50,21.00,28.00,22.00,19.33
s47602,相川,38.028333,10931,2.608,9.16,56.17,8.83,20.00,28.00,16.67,22.33
s47604,新潟,37.893333,10941,2.763,7.43,52.18,8.33,13.67,19.83,13.67,13.67
s47605,金沢,36.588333,10957,3.108,8.46,51.76,8.50,11.50,17.33,11.33,11.67
s47606,伏木,36.791667,10952,3.017,8.68,51.63,9.83,12.50,15.67,11.33,13.33
s47607,富山,36.708333,10945,3.103,7.92,51.48,8.67,11.17,14.67,10.33,12.00
s47610,長野,36.661667,10949,4.728,5.96,27.02,4.50,5.67,6.17,5.33,6.00
s47612,高田,37.106667,10925,2.993,9.45,52.51,7.33,11.83,14.17,11.00,12.67
s47615,宇都宮,36.548333,10958,6.363,6.03,19.74,4.67,5.00,5.83,4.00,6.00
s47616,福井,36.055,10951,3.156,8.84,50.29,7.50,12.17,16.83,9.67,14.67
s47617,高山,36.155,10927,3.612,6.99,39.11,5.50,9.17,13.17,10.00,7.67
s47618,松本,36.246667,10955,5.676,6.18,20.71,4.67,5.00,5.33,5.33,4.33
s47620,諏訪,36.045,10946,5.969,5.89,18.88,3.33,4.33,5.00,3.67,4.67
s47622,軽井沢,36.341667,10937,5.880,6.69,17.61,4.33,5.17,5.50,5.67,4.67
s47624,前橋,36.405,10957,6.665,5.08,16.17,3.83,4.33,4.33,4.33,4.33
s47626,熊谷,36.15,10956,6.562,5.90,19.15,4.33,5.17,5.50,4.67,5.33
s47629,水戸,36.38,10954,5.845,7.01,23.47,4.33,5.17,5.33,5.00,5.33
s47631,敦賀,35.653333,10956,3.038,9.91,51.96,9.67,11.50,16.17,10.00,12.67
s47632,岐阜,35.4,10953,5.542,5.07,22.04,4.00,4.67,5.33,5.00,4.33
s47636,名古屋,35.166667,10957,5.865,5.37,20.38,3.33,4.33,4.83,4.00,4.67
s47637,飯田,35.523333,10955,5.603,6.32,23.49,3.83,5.00,5.83,5.00,5.00
s47638,甲府,35.666667,10958,6.547,5.61,16.39,4.50,5.17,5.33,5.33,4.67
s47640,河口湖,35.5,10948,6.311,7.06,19.06,5.17,6.33,6.67,5.67,7.00
s47641,秩父,35.99,10941,6.242,6.13,18.22,4.83,5.33,5.33,5.00,5.67
s47646,つくば（館野）,36.056667,10958,6.019,6.76,23.95,4.83,5.50,6.67,5.33,5.67
s47648,銚子,35.738333,10956,5.365,8.72,28.74,6.17,6.83,7.00,6.33,7.00
s47649,上野,34.761667,10932,4.445,7.79,28.12,5.33,5.83,7.83,6.67,5.00
s47651,津,34.733333,10954,5.538,5.73,21.07,3.50,4.83,5.50,5.67,3.67
s47653,伊良湖,34.628333,10947,5.942,5.56,20.67,3.83,5.00,5.50,5.33,4.67
s47654,浜松,34.753333,10953,6.398,6.17,20.03,4.33,4.50,5.33,4.67,4.33
s47655,御前崎,34.603333,10953,6.337,7.51,20.80,4.17,5.50,5.83,6.33,4.67
s47656,静岡,34.975,10957,6.341,7.13,20.54,4.50,5.00,5.50,5.00,5.00
s47657,三島,35.113333,10951,5.728,8.06,23.23,5.33,6.17,7.00,6.67,5.67
s47662,東京,35.691667,10958,5.691,6.68,24.81,5.33,5.83,6.00,5.00,6.67
s47663,尾鷲,34.068333,10935,5.757,5.86,21.40,5.00,5.50,5.83,6.33,4.67
s47666,石廊崎,34.603333,10939,5.834,7.61,22.59,5.00,5.83,6.50,6.33,5.33
s47668,網代,35.045,10957,4.759,8.14,27.02,5.67,6.67,8.67,7.00,6.33
s47670,横浜,35.438333,10949,5.679,7.38,25.30,4.67,5.50,6.67,5.00,6.00
s47672,館山,34.986667,10944,5.335,8.58,26.13,4.50,5.17,6.33,5.00,5.33
s47674,勝浦,35.15,10949,5.218,8.22,27.15,5.33,6.33,6.67,5.67,6.67
s47675,大島,34.748333,10944,4.930,8.63,26.09,5.17,5.33,7.50,5.00,5.67
s47677,三宅島,34.123333,9748,3.857,12.79,33.08,6.33,9.67,10.17,7.00,10.33
s47678,八丈島,33.121667,10952,3.305,11.47,39.27,6.83,9.67,15.17,9.67,9.33
s47682,千葉,35.601667,10946,5.585,8.16,26.42,5.33,6.33,7.33,5.67,6.67
s47684,四日市,34.94,10952,5.254,5.78,22.39,3.83,5.00,5.83,5.67,4.33
s47690,奥日光（日光）,36.738333,10935,5.471,5.83,21.11,4.67,5.67,6.00,5.33,6.00
s47740,西郷,36.203333,10950,3.190,9.97,40.74,5.83,9.83,19.17,10.67,9.00
s47741,松江,35.456667,10949,3.233,9.14,47.18,7.00,14.50,15.83,12.67,15.67
s47742,境,35.543333,10942,3.086,9.47,48.61,7.33,11.00,16.83,10.67,11.33
s47744,米子,35.433333,10947,3.309,9.21,45.70,7.83,13.33,16.67,14.00,12.00
s47746,鳥取,35.486667,10955,3.157,9.66,48.46,7.83,9.67,15.67,10.67,8.67
s47747,豊岡,35.535,10949,2.781,10.96,50.55,8.67,12.17,16.00,11.67,12.33
s47750,舞鶴,35.45,10956,3.037,10.66,47.11,8.17,11.00,14.50,10.33,11.67
s47754,萩,34.41,10946,3.492,8.42,44.14,7.17,9.67,17.83,9.33,10.00
s47755,浜田,34.896667,10956,3.249,9.83,49.16,8.67,14.17,18.83,13.67,14.67
s47756,津山,35.063333,10930,4.162,7.18,27.88,4.83,5.83,7.83,6.33,5.33
s47759,京都,35.013333,10953,4.473,6.77,26.05,4.67,5.83,6.33,6.33,4.67
s47761,彦根,35.275,10956,4.095,7.73,35.43,5.67,6.67,9.00,6.67,6.67
s47762,下関,33.948333,10937,4.051,9.23,37.81,5.67,8.33,12.00,8.67,8.00
s47765,広島,34.398333,10955,4.954,7.67,24.46,5.33,5.83,6.67,6.33,5.00
s47766,呉,34.24,10953,5.026,6.96,23.05,4.50,4.83,8.00,5.00,4.33
s47767,福山,34.446667,10946,4.958,7.05,23.29,4.17,5.83,6.67,6.33,5.00
s47768,岡山,34.685,10955,5.158,5.95,22.57,4.00,6.00,6.50,7.00,5.00
s47769,姫路,34.838333,10953,5.125,5.95,22.32,4.00,4.50,5.83,4.67,4.33
s47770,神戸,34.696667,10956,5.049,6.88,23.40,4.00,5.67,6.50,6.33,4.67
s47772,大阪,34.681667,10958,5.051,7.24,23.93,4.00,4.50,6.67,4.33,4.67
s47776,洲本,34.31,10958,4.907,5.71,24.59,4.17,4.67,6.50,5.00,4.33
s47777,和歌山,34.228333,10948,4.904,6.47,24.94,4.00,5.00,6.17,5.00,5.00
s47778,潮岬,33.45,10937,6.181,6.98,22.04,5.00,5.50,5.83,5.67,5.00
s47780,奈良,34.673333,10956,4.283,7.93,29.42,4.83,5.83,7.33,6.00,5.67
s47784,山口,34.161667,10957,4.453,7.17,29.24,4.50,6.33,8.50,7.33,5.33
s47800,厳原,34.196667,10952,4.991,8.86,27.15,7.17,9.00,11.83,8.33,9.67
s47805,平戸,33.36,10930,4.006,8.72,38.76,7.50,9.50,13.33,8.33,10.33
s47807,福岡,33.581667,10957,4.221,8.43,35.74,6.00,7.83,11.00,7.33,8.33
s47809,飯塚,33.651667,10931,4.175,8.91,35.81,5.50,7.50,10.33,7.33,7.67
s47812,佐世保,33.158333,10894,4.419,7.66,33.41,5.83,7.33,9.00,7.00,7.67
s47813,佐賀,33.265,10956,4.821,7.58,29.09,4.83,6.83,8.50,5.67,7.67
s47814,日田,33.321667,10934,4.262,7.97,33.65,6.17,9.33,10.50,9.00,9.67
s47815,大分,33.235,10956,5.111,6.54,26.69,5.50,6.67,7.17,6.33,7.00
s47817,長崎,32.733333,10955,4.212,6.84,36.54,5.67,7.50,8.67,8.00,7.00
s47818,雲仙岳,32.736667,10936,3.502,7.79,40.06,6.00,7.83,9.83,8.67,6.67
s47819,熊本,32.813333,10952,4.899,6.48,29.75,6.17,7.00,8.00,8.33,5.67
s47822,延岡,32.581667,10927,6.005,6.80,22.63,4.83,6.33,7.33,6.00,6.67
s47823,阿久根,32.026667,10948,4.338,7.67,38.45,6.33,8.17,10.33,7.67,8.67
s47824,人吉,32.216667,10916,4.383,8.01,33.27,5.33,7.00,8.83,6.67,7.00
s47827,鹿児島,31.555,10946,4.864,7.31,31.27,5.50,6.83,7.83,7.67,6.00
s47829,都城,31.73,10944,5.388,7.14,27.06,6.17,7.17,8.33,8.00,6.33
s47830,宮崎,31.938333,10954,5.923,6.94,25.54,6.00,7.67,8.17,9.00,5.33
s47831,枕崎,31.271667,10948,4.359,7.98,35.46,6.50,7.33,9.33,8.00,6.67
s47835,油津,31.578333,10958,5.295,6.60,26.95,6.83,7.67,7.67,8.67,6.00
s47836,屋久島,30.385,10949,2.989,12.05,51.32,8.67,12.00,14.67,11.33,12.67
s47837,種子島,30.72,10947,4.105,10.05,37.33,7.17,8.67,9.50,8.00,9.33
s47838,牛深,32.196667,10915,4.318,7.52,38.14,6.33,8.33,10.17,9.33,7.00
s47843,福江,32.693333,10946,3.727,10.08,41.87,7.67,10.00,12.00,10.33,9.67
s47887,松山,33.843333,10957,4.769,6.93,28.71,5.00,5.83,8.33,5.67,6.00
s47890,多度津,34.275,10952,5.044,6.69,24.88,4.33,5.33,7.17,5.00,5.67
s47891,高松,34.318333,10953,4.947,6.92,25.14,4.67,6.00,7.00,6.00,6.00
s47892,宇和島,33.226667,10946,4.342,6.67,36.45,5.83,7.33,9.17,7.67,7.00
s47893,高知,33.566667,10952,6.046,5.26,21.42,4.17,5.50,6.00,5.67,5.33
s47895,徳島,34.066667,10954,5.309,6.04,23.40,4.50,5.50,6.50,5.67,5.33
s47897,宿毛,32.905,10951,5.400,6.50,25.54,4.83,5.83,6.50,6.00,5.67
s47898,清水,32.721667,10935,5.853,6.08,23.75,4.67,5.83,7.17,6.67,5.00
s47899,室戸岬,33.251667,10936,5.923,7.07,22.43,4.17,5.33,6.50,5.67,4.67
s47909,名瀬,28.385,10957,2.406,12.58,56.96,12.33,19.17,24.17,16.67,21.67
s47912,与那国島,24.466667,10933,2.292,16.20,62.05,16.00,24.83,27.33,23.00,25.67
s47917,西表島,24.426667,10951,2.795,14.60,54.78,14.50,19.33,22.17,18.00,20.67
s47918,石垣島,24.336667,10957,3.297,13.72,48.90,12.17,14.17,18.33,14.00,14.33
s47927,宮古島,24.793333,10949,3.288,11.55,46.06,11.17,16.17,18.00,12.67,19.00
s47929,久米島,26.336667,10951,3.049,12.85,49.69,9.50,14.33,18.50,11.33,17.00
s47936,那覇,26.206667,10956,3.508,10.15,43.68,8.33,11.33,14.67,10.00,12.33
s47940,名護,26.593333,10952,3.512,10.65,42.99,9.00,11.83,14.67,11.33,12.33
s47942,沖永良部,27.431667,10938,3.325,11.15,44.82,9.00,10.83,17.00,10.33,11.33
s47945,南大東（南大東島）,25.828333,10951,4.318,9.31,31.53,6.83,9.67,11.00,9.67,9.67
s47971,父島,27.091667,10952,4.587,8.45,25.63,5.67,8.33,9.00,9.33,7.33
s47991,南鳥島,24.288333,10924,6.384,6.55,12.80,5.17,5.33,5.83,5.67,5.00
