stid,name,latitude,longitude,prid,value_type,mean_val,amplitude,ramp,total_variation,excess_tv,winter_floor,summer_ceiling,spring_30d_gain,spring_rise_days,autumn_30d_drop,autumn_fall_days,spring_ramp,spring_30d_gain_rel,autumn_ramp,autumn_30d_drop_rel,trough_day,peak_day,winter_floor_eff,autumn_rate,spring_rate,autumn_rate_abs,spring_rate_abs,eff_trough_day,livable
a1441,野母崎,32.578333,129.74,84,sunshine_normal,5.685,0.8265,0.0485,17.72,6.653,3.652,6.458,4.8,155.0,1.807,91.0,0.22,0.8675,0.08,0.3265,13,210,7.253,0.3411,0.3146,5.77,5.322,13,1
s47401,稚内,45.415,141.678333,11,sunshine_normal,3.961,1.239,0.0369,13.453,3.293,1.403,4.778,2.073,37.0,2.58,123.0,0.1067,0.4081,0.1,0.5079,347,144,1.981,0.3859,0.3922,5.584,5.675,353,1
s47402,北見枝幸,44.94,142.585,11,sunshine_normal,4.111,0.8186,0.0286,10.453,3.533,2.628,4.122,1.347,45.0,2.053,149.0,0.0667,0.3892,0.0933,0.5934,335,99,3.691,0.4253,0.3725,4.975,4.357,362,1
s47404,羽幌,44.363333,141.7,13,sunshine_normal,4.23,1.2756,0.0356,12.987,1.493,1.711,5.574,1.967,43.0,2.353,38.0,0.08,0.3422,0.1067,0.4095,342,146,2.485,0.3734,0.3351,6.021,5.405,343,1
s47405,雄武,44.58,142.963333,17,sunshine_normal,4.489,0.6505,0.0244,8.907,2.787,3.187,4.412,1.353,41.0,1.68,149.0,0.08,0.4423,0.0867,0.549,0,98,4.516,0.3997,0.4174,4.556,4.759,362,1
s47406,留萌,43.945,141.631667,13,sunshine_normal,4.147,1.3028,0.0355,12.96,1.387,1.534,5.54,2.14,39.0,2.393,40.0,0.0933,0.3698,0.1067,0.4136,345,147,2.261,0.3505,0.3535,5.643,5.69,345,1
s47407,旭川,43.756667,142.371667,12,sunshine_normal,4.288,1.0351,0.0274,10.0,0.507,2.462,5.324,1.333,58.0,1.953,118.0,0.0667,0.2809,0.0867,0.4115,339,146,3.626,0.3126,0.3016,4.629,4.466,344,1
s47409,網走,44.016667,144.278333,17,sunshine_normal,5.071,0.4946,0.02,7.293,1.787,3.875,5.44,1.28,42.0,1.207,142.0,0.06,0.4649,0.06,0.4383,3,150,5.593,0.3344,0.3585,3.954,4.24,0,1
s47411,小樽,43.181667,141.015,16,sunshine_normal,4.345,1.0292,0.0298,10.893,1.227,2.099,5.398,1.927,40.0,2.02,125.0,0.0933,0.3986,0.0867,0.4179,0,146,3.126,0.333,0.3265,4.952,4.855,364,1
s47412,札幌,43.06,141.328333,14,sunshine_normal,4.705,0.8056,0.0241,8.8,0.733,2.944,5.574,1.307,47.0,1.567,127.0,0.0667,0.324,0.0733,0.3884,361,146,4.396,0.3088,0.3089,4.367,4.369,361,1
s47413,岩見沢,43.211667,141.785,15,sunshine_normal,4.597,0.8895,0.0274,10.0,1.413,2.889,5.244,1.473,57.0,1.86,126.0,0.0733,0.3432,0.08,0.4332,347,145,4.335,0.3261,0.3524,4.658,5.033,353,1
s47417,帯広,42.921667,143.211667,20,sunshine_normal,5.541,0.5556,0.023,8.387,1.64,6.106,4.185,1.033,131.0,1.44,36.0,0.06,0.3063,0.0933,0.4269,225,78,9.124,0.2231,0.4171,2.09,3.906,346,1
s47418,釧路,42.985,144.376667,19,sunshine_normal,5.364,0.5277,0.0229,8.373,2.293,6.05,3.897,1.253,40.0,1.76,25.0,0.0667,0.4123,0.0733,0.5789,225,65,9.003,0.3394,0.3743,2.881,3.177,344,1
s47420,根室,43.33,145.585,18,sunshine_normal,5.062,0.4486,0.0212,7.733,2.6,5.142,3.99,1.013,160.0,1.46,26.0,0.0467,0.3948,0.0933,0.5688,201,81,7.576,0.3303,0.4031,3.028,3.695,360,1
s47421,寿都,42.795,140.223333,16,sunshine_normal,3.823,1.4199,0.0347,12.667,1.12,0.939,5.202,2.433,38.0,2.287,127.0,0.1067,0.4215,0.0933,0.3961,362,147,1.43,0.3215,0.3557,5.143,5.69,362,1
s47423,室蘭,42.311667,140.975,21,sunshine_normal,4.736,0.9022,0.0332,12.12,3.427,2.952,4.557,1.807,42.0,2.133,163.0,0.0933,0.4156,0.08,0.4908,347,90,4.568,0.3752,0.4035,5.348,5.752,353,1
s47424,苫小牧,42.623333,141.546667,21,sunshine_normal,4.692,0.4638,0.0231,8.413,3.32,4.549,3.695,1.32,32.0,1.767,18.0,0.0733,0.5183,0.0867,0.6937,202,119,6.861,0.3624,0.3163,3.54,3.09,358,1
s47426,浦河,42.161667,142.776667,22,sunshine_normal,5.04,0.5368,0.0289,10.533,4.533,4.592,4.069,1.207,42.0,1.713,32.0,0.0533,0.4022,0.0867,0.5711,339,86,7.086,0.4257,0.3516,4.873,4.024,343,1
s47428,江差,41.866667,140.123333,24,sunshine_normal,3.924,1.228,0.0367,13.4,2.987,1.202,4.85,2.127,37.0,2.5,137.0,0.0933,0.4085,0.1133,0.4802,1,150,1.888,0.4019,0.4036,5.817,5.841,1,1
s47430,函館,41.816667,140.753333,23,sunshine_normal,4.779,0.7248,0.0298,10.88,3.533,3.354,4.725,1.247,48.0,1.887,151.0,0.0667,0.3394,0.0933,0.5136,351,148,5.22,0.3826,0.3142,5.092,4.182,351,1
s47433,倶知安,42.9,140.756667,16,sunshine_normal,3.954,1.2366,0.0317,11.56,1.12,1.544,4.934,2.22,38.0,2.233,129.0,0.1067,0.4253,0.0867,0.4278,363,146,2.34,0.3359,0.3458,5.086,5.235,363,1
s47435,紋別,44.345,143.355,17,sunshine_normal,4.59,0.5911,0.0214,7.813,2.027,3.303,4.726,1.4,41.0,1.487,148.0,0.08,0.4839,0.0733,0.5138,0,146,4.711,0.3599,0.4195,4.172,4.862,361,1
s47440,広尾,42.293333,143.316667,20,sunshine_normal,4.981,0.5351,0.0226,8.24,2.653,5.346,3.67,1.153,139.0,1.567,27.0,0.06,0.4129,0.08,0.5609,224,83,8.145,0.3147,0.3831,2.935,3.573,344,1
s47512,大船渡,39.063333,141.713333,33,sunshine_normal,4.779,0.3987,0.0237,8.64,3.8,4.544,4.527,0.647,176.0,1.867,18.0,0.0467,0.2672,0.12,0.7713,253,148,7.636,0.2203,0.3259,2.186,3.235,346,1
s47520,新庄,38.756667,140.311667,35,sunshine_normal,3.641,1.2874,0.0394,14.373,3.867,1.326,4.719,1.707,52.0,2.307,148.0,0.08,0.3249,0.1133,0.4391,4,150,2.276,0.2525,0.3172,3.729,4.684,4,1
s47570,若松,37.488333,139.91,36,sunshine_normal,4.472,1.0032,0.0395,14.413,5.013,2.596,5.407,1.287,64.0,2.393,149.0,0.0667,0.2738,0.1267,0.5092,344,148,4.601,0.2211,0.2973,3.39,4.558,347,1
s47574,深浦,40.645,139.931667,31,sunshine_normal,3.929,1.4011,0.0391,14.28,2.013,0.978,5.377,2.52,43.0,2.28,141.0,0.0933,0.4109,0.1,0.3717,5,150,1.585,0.3208,0.3134,5.326,5.203,5,1
s47575,青森,40.821667,140.768333,31,sunshine_normal,4.351,1.1486,0.0347,12.667,1.853,1.693,5.497,1.96,44.0,2.213,141.0,0.0867,0.3625,0.0933,0.4094,4,149,2.732,0.3407,0.328,5.356,5.156,3,1
s47576,むつ,41.283333,141.21,31,sunshine_normal,4.332,0.9832,0.0338,12.32,3.373,2.338,4.579,1.68,42.0,2.053,155.0,0.0733,0.3756,0.1,0.459,7,119,3.699,0.3524,0.3453,5.113,5.01,6,1
s47581,八戸,40.526667,141.521667,31,sunshine_normal,5.056,0.5003,0.0245,8.947,3.573,4.163,5.11,0.88,51.0,1.427,154.0,0.0533,0.3275,0.1067,0.531,11,146,6.706,0.3071,0.3359,3.649,3.991,346,1
s47582,秋田,39.716667,140.098333,32,sunshine_normal,4.183,1.194,0.0399,14.573,3.36,1.425,5.352,1.933,47.0,2.127,149.0,0.1,0.3448,0.0933,0.3793,6,151,2.372,0.3379,0.3498,5.308,5.494,6,1
s47584,盛岡,39.698333,141.165,33,sunshine_normal,4.618,0.5884,0.0267,9.747,3.307,3.741,4.581,0.927,75.0,1.88,154.0,0.06,0.2878,0.1067,0.5839,346,147,6.197,0.2772,0.3155,3.331,3.791,346,1
s47585,宮古,39.646667,141.965,33,sunshine_normal,5.153,0.3607,0.0216,7.88,3.387,5.083,4.623,0.973,233.0,1.673,14.0,0.0933,0.4332,0.1133,0.7448,193,113,8.404,0.211,0.3498,2.086,3.457,348,1
s47587,酒田,38.908333,139.843333,35,sunshine_normal,4.212,1.2929,0.044,16.053,4.307,1.322,5.636,2.027,50.0,2.2,149.0,0.0933,0.3451,0.0933,0.3746,5,150,2.25,0.2969,0.3275,4.922,5.43,5,1
s47588,山形,38.255,140.345,35,sunshine_normal,4.435,0.8975,0.036,13.133,4.28,2.681,5.004,1.273,57.0,2.333,155.0,0.06,0.2877,0.1267,0.5271,0,147,4.643,0.2504,0.2965,3.579,4.239,346,1
s47590,仙台,38.261667,140.896667,34,sunshine_normal,5.037,0.4754,0.027,9.867,4.587,4.864,4.343,1.193,234.0,2.36,12.0,0.0933,0.452,0.1333,0.8939,189,117,8.388,0.2559,0.3017,2.762,3.256,344,1
s47592,石巻,38.426667,141.298333,34,sunshine_normal,5.341,0.3897,0.0252,9.213,4.573,5.313,4.812,1.307,233.0,2.167,11.0,0.0933,0.5632,0.12,0.9339,188,146,9.116,0.2265,0.2903,2.413,3.092,343,1
s47595,福島,37.758333,140.47,36,sunshine_normal,4.804,0.542,0.0283,10.333,4.88,4.321,4.321,1.433,237.0,2.567,11.0,0.1,0.5257,0.14,0.9413,189,119,7.57,0.2239,0.3089,2.631,3.629,345,1
s47597,白河,37.131667,140.215,36,sunshine_normal,4.925,0.4892,0.0244,8.893,3.56,5.006,4.127,1.38,204.0,2.427,11.0,0.0867,0.5175,0.12,0.91,179,119,8.889,0.1964,0.3462,1.824,3.215,340,1
s47598,小名浜,36.946667,140.903333,36,sunshine_normal,5.671,0.3548,0.0301,11.0,6.52,6.217,5.121,1.893,10.0,2.233,10.0,0.1267,0.8452,0.12,0.997,176,144,11.063,0.2148,0.3203,1.895,2.826,336,1
s47600,輪島,37.39,136.895,56,sunshine_normal,4.331,1.2736,0.0483,17.613,6.0,1.546,5.442,2.04,44.0,2.767,160.0,0.08,0.3513,0.1267,0.4765,6,145,2.749,0.2796,0.3518,4.808,6.049,6,1
s47602,相川,38.028333,138.24,54,sunshine_normal,4.456,1.2126,0.0464,16.933,5.44,1.633,5.674,2.08,49.0,2.553,155.0,0.0933,0.3619,0.1133,0.4443,5,148,2.846,0.3071,0.3552,5.203,6.019,4,1
s47604,新潟,37.893333,139.018333,54,sunshine_normal,4.507,1.1239,0.0452,16.48,5.48,1.993,5.68,1.92,52.0,2.653,151.0,0.08,0.3491,0.12,0.4824,7,148,3.471,0.2831,0.3542,4.646,5.813,7,1
s47605,金沢,36.588333,136.633333,56,sunshine_normal,4.697,1.0402,0.0454,16.56,5.653,2.184,5.715,3.107,56.0,1.927,82.0,0.16,0.5697,0.0867,0.3533,5,215,3.946,0.281,0.3512,4.594,5.742,5,1
s47606,伏木,36.791667,137.055,55,sunshine_normal,4.536,1.0667,0.0433,15.8,5.6,2.161,5.49,2.76,55.0,1.82,83.0,0.14,0.5412,0.08,0.3569,7,215,3.888,0.2644,0.3162,4.265,5.1,4,1
s47607,富山,36.708333,137.201667,55,sunshine_normal,4.492,1.0044,0.0425,15.507,5.907,2.361,5.304,2.867,57.0,1.787,82.0,0.14,0.5972,0.0733,0.3722,3,215,4.257,0.2643,0.3033,4.085,4.689,3,1
s47610,長野,36.661667,138.191667,48,sunshine_normal,5.402,0.5213,0.0317,11.573,5.533,4.319,5.695,0.96,53.0,2.267,18.0,0.06,0.3179,0.1133,0.7506,12,143,7.764,0.1974,0.3118,2.531,3.998,353,1
s47612,高田,37.106667,138.246667,54,sunshine_normal,4.364,1.0208,0.0419,15.307,5.587,2.251,5.115,1.673,48.0,2.68,168.0,0.0667,0.3443,0.1333,0.5514,7,145,4.013,0.233,0.3037,3.498,4.561,7,1
s47615,宇都宮,36.548333,139.868333,41,sunshine_normal,5.37,0.6458,0.0286,10.453,2.88,6.81,3.931,1.427,139.0,2.413,58.0,0.0733,0.3768,0.12,0.6373,178,33,12.235,0.1336,0.3594,0.97,2.609,178,1
s47616,福井,36.055,136.221667,57,sunshine_normal,4.531,0.9661,0.0423,15.427,5.64,2.289,5.278,3.113,60.0,1.78,86.0,0.1533,0.6362,0.0733,0.3638,5,215,4.192,0.2943,0.3289,4.335,4.846,4,1
s47617,高山,36.155,137.253333,52,sunshine_normal,4.49,0.7677,0.0327,11.92,4.653,3.096,4.913,1.333,56.0,2.187,155.0,0.06,0.367,0.1,0.6018,349,140,5.676,0.2534,0.3249,3.296,4.226,349,1
s47618,松本,36.246667,137.97,48,sunshine_normal,5.852,0.386,0.0286,10.453,5.693,5.607,5.78,0.88,166.0,2.227,12.0,0.0467,0.3697,0.1067,0.9356,270,137,10.18,0.2042,0.2685,2.325,3.058,346,1
s47620,諏訪,36.045,138.108333,48,sunshine_normal,5.938,0.3462,0.0275,10.04,5.053,5.971,5.627,2.227,13.0,2.36,12.0,0.1067,0.893,0.1133,0.9465,178,139,10.893,0.1887,0.3087,1.944,3.181,343,1
s47622,軽井沢,36.341667,138.546667,48,sunshine_normal,5.54,0.4859,0.0283,10.333,4.787,6.051,4.686,1.447,190.0,2.34,14.0,0.0733,0.5216,0.1067,0.8437,180,40,10.975,0.1638,0.4286,1.539,4.028,341,1
s47624,前橋,36.405,139.06,42,sunshine_normal,5.899,0.4961,0.0289,10.533,3.96,6.901,4.779,1.76,147.0,2.587,15.0,0.08,0.5355,0.1333,0.787,176,36,12.453,0.1484,0.3872,1.192,3.11,336,1
s47626,熊谷,36.15,139.38,43,sunshine_normal,5.77,0.5275,0.0332,12.107,5.24,6.986,4.775,1.913,150.0,2.513,57.0,0.08,0.5573,0.1333,0.732,175,34,12.684,0.1211,0.3482,0.961,2.761,279,1
s47629,水戸,36.38,140.466667,40,sunshine_normal,5.483,0.3713,0.0305,11.133,6.28,6.209,4.98,1.987,15.0,2.187,103.0,0.1133,0.8187,0.1267,0.9011,174,31,11.206,0.1568,0.2581,1.322,2.176,333,1
s47631,敦賀,35.653333,136.061667,57,sunshine_normal,4.382,1.0021,0.0413,15.08,5.32,2.177,5.2,3.06,60.0,1.62,86.0,0.1533,0.627,0.0667,0.332,5,215,4.016,0.2734,0.3586,3.977,5.216,5,1
s47632,岐阜,35.4,136.761667,52,sunshine_normal,5.781,0.3444,0.0277,10.107,5.213,5.305,5.552,2.353,12.0,2.32,13.0,0.1133,0.9619,0.1,0.9482,180,141,9.838,0.2879,0.3618,3.061,3.847,346,1
s47636,名古屋,35.166667,136.965,51,sunshine_normal,5.864,0.3463,0.027,9.84,4.867,5.737,5.481,2.3,13.0,2.38,12.0,0.1,0.9249,0.1067,0.9571,178,141,10.695,0.2358,0.3618,2.274,3.489,343,1
s47637,飯田,35.523333,137.821667,48,sunshine_normal,5.685,0.353,0.0277,10.107,5.067,5.738,5.492,2.34,11.0,2.38,13.0,0.1133,0.9286,0.1,0.9444,179,141,10.608,0.1766,0.2801,1.82,2.887,345,1
s47638,甲府,35.666667,138.553333,49,sunshine_normal,6.095,0.3762,0.0316,11.547,6.16,6.768,5.469,2.247,15.0,2.26,13.0,0.1,0.8342,0.1067,0.8391,177,34,12.44,0.1464,0.3606,1.223,3.013,334,1
s47640,河口湖,35.5,138.76,49,sunshine_normal,5.523,0.5654,0.0344,12.573,5.867,6.828,4.729,1.673,152.0,2.067,101.0,0.0733,0.499,0.1,0.6163,172,33,12.597,0.0551,0.3343,0.416,2.524,273,1
s47641,秩父,35.99,139.073333,43,sunshine_normal,5.378,0.5909,0.0346,12.64,5.48,6.671,4.372,1.913,150.0,2.433,60.0,0.08,0.5345,0.12,0.6797,176,35,12.167,0.0836,0.3675,0.666,2.929,275,1
s47646,つくば（館野）,36.056667,140.125,40,sunshine_normal,5.519,0.4655,0.0344,12.547,6.507,6.545,4.962,2.14,21.0,2.287,103.0,0.1,0.7086,0.1267,0.7572,174,31,11.907,0.1482,0.248,1.186,1.984,332,1
s47648,銚子,35.738333,140.856667,45,sunshine_normal,5.528,0.4901,0.038,13.88,7.307,5.716,5.721,2.8,18.0,2.187,24.0,0.1267,0.8519,0.1267,0.6653,174,217,10.481,0.1741,0.1989,2.005,2.29,331,1
s47649,上野,34.761667,136.141667,53,sunshine_normal,4.926,0.4582,0.0296,10.787,5.373,4.139,5.061,2.393,14.0,2.293,31.0,0.1067,0.8842,0.1133,0.8473,176,219,7.77,0.211,0.3684,2.157,3.765,10,1
s47651,津,34.733333,136.518333,53,sunshine_normal,5.785,0.4188,0.0298,10.867,4.693,5.37,5.832,2.76,13.0,2.247,34.0,0.1267,0.8942,0.1133,0.7279,175,218,10.093,0.1836,0.3349,1.958,3.572,353,1
s47653,伊良湖,34.628333,137.093333,51,sunshine_normal,6.098,0.4043,0.031,11.307,4.933,5.89,6.263,2.74,16.0,2.167,25.0,0.1133,0.8598,0.1133,0.6799,173,218,11.121,0.1531,0.2812,1.754,3.222,345,1
s47654,浜松,34.753333,137.711667,50,sunshine_normal,6.135,0.346,0.0319,11.627,6.48,6.691,5.693,2.193,16.0,2.433,24.0,0.0867,0.8523,0.1333,0.9456,173,217,12.573,0.1367,0.2971,1.203,2.614,328,1
s47655,御前崎,34.603333,138.213333,50,sunshine_normal,6.228,0.4459,0.0345,12.6,5.747,6.614,6.065,2.84,16.0,2.42,25.0,0.1133,0.8288,0.1267,0.7062,172,220,12.48,0.1741,0.2613,1.855,2.784,331,1
s47656,静岡,34.975,138.403333,50,sunshine_normal,5.892,0.4193,0.0312,11.4,5.733,6.722,5.199,1.84,22.0,2.213,103.0,0.08,0.6494,0.12,0.7812,172,34,12.563,0.1322,0.3444,0.981,2.556,333,1
s47657,三島,35.113333,138.925,50,sunshine_normal,5.49,0.3779,0.0311,11.347,6.36,6.031,4.886,2.013,18.0,2.36,107.0,0.0867,0.8075,0.12,0.9465,175,32,11.231,0.1663,0.2986,1.261,2.265,338,1
s47662,東京,35.691667,139.75,44,sunshine_normal,5.276,0.4569,0.0331,12.093,6.707,6.11,4.819,1.947,22.0,2.287,101.0,0.08,0.7228,0.12,0.849,172,32,11.22,0.1386,0.2505,1.091,1.973,334,1
s47663,尾鷲,34.068333,136.193333,53,sunshine_normal,5.404,0.4182,0.0279,10.173,4.853,5.835,4.987,1.947,20.0,2.247,13.0,0.0933,0.7318,0.1133,0.8446,171,93,11.161,0.0485,0.3569,0.375,2.754,277,1
s47666,石廊崎,34.603333,138.841667,50,sunshine_normal,5.909,0.4878,0.0344,12.573,5.68,5.999,5.576,2.72,18.0,2.587,278.0,0.1,0.7892,0.1267,0.7505,175,226,11.321,0.2295,0.2893,2.415,3.044,331,1
s47668,網代,35.045,139.091667,50,sunshine_normal,5.005,0.446,0.0332,12.133,6.573,4.849,5.17,2.267,19.0,2.32,22.0,0.0867,0.8153,0.1267,0.8345,172,216,9.058,0.1449,0.2585,1.431,2.554,335,1
s47670,横浜,35.438333,139.651667,46,sunshine_normal,5.534,0.4482,0.0368,13.427,7.533,6.11,5.488,2.36,20.0,2.18,19.0,0.1,0.8009,0.1267,0.7398,172,218,11.284,0.1155,0.1837,1.09,1.735,332,1
s47672,館山,34.986667,139.865,45,sunshine_normal,5.46,0.5143,0.0364,13.293,6.627,5.6,5.704,2.66,19.0,2.173,22.0,0.1,0.798,0.1267,0.652,171,218,10.459,0.1381,0.1763,1.513,1.932,332,1
s47674,勝浦,35.15,140.311667,45,sunshine_normal,5.339,0.5177,0.0365,13.307,6.52,5.518,5.327,2.933,15.0,2.267,23.0,0.1333,0.8644,0.1267,0.668,175,219,10.264,0.1725,0.1871,1.855,2.012,329,1
s47675,大島,34.748333,139.361667,44,sunshine_normal,5.039,0.4257,0.0313,11.44,6.093,4.998,4.891,2.353,15.0,2.413,21.0,0.0933,0.8803,0.1267,0.9027,175,217,9.401,0.1625,0.2531,1.449,2.257,340,1
s47677,三宅島,34.123333,139.52,44,sunshine_normal,4.674,0.809,0.0379,13.827,5.547,3.783,5.807,2.713,124.0,2.887,22.0,0.1067,0.6554,0.1133,0.6973,288,220,7.245,0.1749,0.1976,2.493,2.816,342,1
s47678,八丈島,33.121667,139.778333,44,sunshine_normal,3.962,0.8309,0.0355,12.947,5.293,2.937,4.319,3.4,14.0,2.6,91.0,0.14,0.8885,0.12,0.6794,173,215,5.735,0.2773,0.3108,3.225,3.615,14,1
s47682,千葉,35.601667,140.103333,45,sunshine_normal,5.334,0.4284,0.0355,12.96,7.547,6.053,5.16,2.12,22.0,2.167,24.0,0.0933,0.7833,0.12,0.8005,171,216,11.133,0.125,0.1967,1.048,1.649,328,1
s47684,四日市,34.94,136.58,53,sunshine_normal,5.448,0.3559,0.0277,10.107,5.24,4.952,5.348,2.287,12.0,2.213,31.0,0.1133,0.9397,0.1067,0.9096,178,217,9.275,0.2107,0.3787,2.109,3.792,356,1
s47690,奥日光（日光）,36.738333,139.5,41,sunshine_normal,4.838,0.641,0.0256,9.333,2.64,5.35,3.621,1.36,189.0,2.493,17.0,0.0667,0.4064,0.12,0.745,176,95,9.6,0.1402,0.3927,1.219,3.415,347,1
s47740,西郷,36.203333,133.333333,68,sunshine_normal,4.715,0.9879,0.0447,16.333,6.467,2.467,5.52,1.873,42.0,2.66,159.0,0.08,0.3797,0.12,0.5392,17,141,4.493,0.285,0.3484,4.514,5.519,15,1
s47741,松江,35.456667,133.065,68,sunshine_normal,4.676,0.9758,0.044,16.067,6.133,2.405,5.591,2.86,51.0,1.887,88.0,0.1467,0.5758,0.08,0.3799,18,213,4.462,0.301,0.3325,4.682,5.173,15,1
s47742,境,35.543333,133.235,69,sunshine_normal,4.675,1.0358,0.0453,16.533,5.907,2.249,5.776,2.9,49.0,1.993,86.0,0.1533,0.5458,0.0867,0.3752,14,213,4.161,0.3021,0.3414,4.901,5.539,12,1
s47744,米子,35.433333,133.338333,69,sunshine_normal,4.758,0.9456,0.0435,15.867,6.0,2.501,5.705,2.92,52.0,1.833,86.0,0.16,0.5919,0.08,0.3716,17,213,4.636,0.2909,0.3381,4.533,5.269,16,1
s47746,鳥取,35.486667,134.238333,69,sunshine_normal,4.577,0.9628,0.0428,15.627,5.947,2.421,5.548,2.9,51.0,1.84,84.0,0.1533,0.5992,0.0733,0.3802,10,214,4.482,0.2776,0.3055,4.222,4.647,5,1
s47747,豊岡,35.535,134.821667,63,sunshine_normal,4.079,0.992,0.0398,14.52,5.533,2.233,5.06,2.8,46.0,2.053,78.0,0.14,0.6231,0.08,0.457,3,215,4.131,0.2255,0.2947,3.15,4.117,3,1
s47750,舞鶴,35.45,135.316667,61,sunshine_normal,4.253,0.9217,0.0393,14.36,5.507,2.461,5.079,2.9,52.0,1.78,80.0,0.14,0.6551,0.08,0.4021,13,215,4.562,0.2601,0.3097,3.524,4.196,10,1
s47754,萩,34.41,131.405,81,sunshine_normal,4.759,0.9239,0.0464,16.92,6.973,2.637,5.551,3.533,62.0,1.94,90.0,0.1733,0.7105,0.0867,0.3901,15,214,5.018,0.3141,0.3343,4.783,5.09,13,1
s47755,浜田,34.896667,132.07,68,sunshine_normal,4.828,1.024,0.0459,16.747,5.8,2.306,5.891,3.173,57.0,1.98,87.0,0.1533,0.5798,0.08,0.3618,14,213,4.348,0.3167,0.353,5.127,5.713,10,1
s47756,津山,35.063333,134.008333,66,sunshine_normal,4.901,0.5757,0.0312,11.373,5.28,3.752,4.905,0.973,51.0,2.547,15.0,0.0467,0.3195,0.1067,0.8359,357,140,7.028,0.3132,0.3244,3.793,3.928,357,1
s47759,京都,35.013333,135.731667,61,sunshine_normal,4.916,0.4405,0.0304,11.08,5.88,4.089,4.764,2.433,12.0,2.38,14.0,0.12,0.9359,0.1067,0.9154,178,120,7.63,0.2971,0.3595,2.978,3.603,16,1
s47761,彦根,35.275,136.243333,60,sunshine_normal,5.103,0.718,0.0378,13.787,5.733,3.361,5.635,2.933,64.0,1.507,87.0,0.14,0.7285,0.0667,0.3742,4,216,6.258,0.2766,0.3564,3.823,4.927,364,1
s47762,下関,33.948333,130.925,81,sunshine_normal,5.139,0.7387,0.0451,16.453,7.653,3.321,5.6,3.653,62.0,1.733,94.0,0.1867,0.8303,0.0733,0.3939,15,214,6.392,0.3472,0.3288,4.934,4.672,13,1
s47765,広島,34.398333,132.461667,67,sunshine_normal,5.573,0.4627,0.0354,12.92,6.653,4.578,5.636,3.067,12.0,2.687,93.0,0.14,0.9787,0.12,0.8574,179,213,8.69,0.3254,0.3211,3.893,3.842,350,1
s47766,呉,34.24,132.55,67,sunshine_normal,5.673,0.4809,0.0373,13.6,6.733,4.68,5.947,3.32,12.0,2.633,85.0,0.1533,0.967,0.12,0.767,179,214,8.925,0.3136,0.2961,3.881,3.664,348,1
s47767,福山,34.446667,133.246667,67,sunshine_normal,5.68,0.4988,0.0353,12.867,6.2,4.62,6.202,3.047,78.0,1.7,79.0,0.1467,0.914,0.0733,0.51,17,213,8.753,0.2687,0.288,3.449,3.697,350,1
s47768,岡山,34.685,133.925,66,sunshine_normal,5.573,0.3744,0.03,10.96,5.733,4.916,5.548,2.54,11.0,2.36,112.0,0.1267,0.9719,0.0933,0.9031,179,215,9.255,0.2857,0.3344,3.057,3.578,351,1
s47769,姫路,34.838333,134.67,63,sunshine_normal,5.578,0.3856,0.0309,11.293,5.867,4.866,5.663,2.633,12.0,2.333,108.0,0.1267,0.9705,0.1,0.86,178,214,9.125,0.2622,0.3146,2.864,3.437,354,1
s47770,神戸,34.696667,135.211667,63,sunshine_normal,5.711,0.4856,0.0347,12.68,6.293,4.803,6.173,3.007,141.0,1.88,25.0,0.1467,0.9415,0.08,0.5887,18,215,9.041,0.2469,0.2888,3.111,3.639,353,1
s47772,大阪,34.681667,135.518333,62,sunshine_normal,5.61,0.4544,0.0324,11.84,5.96,4.777,5.969,2.713,13.0,2.127,25.0,0.1267,0.9229,0.0933,0.7234,176,216,8.994,0.2488,0.2981,2.959,3.546,353,1
s47776,洲本,34.31,134.848333,63,sunshine_normal,5.468,0.5869,0.0366,13.347,6.04,4.232,6.035,2.993,71.0,1.86,30.0,0.1333,0.8193,0.08,0.5091,352,213,8.081,0.2278,0.3378,3.043,4.514,353,1
s47777,和歌山,34.228333,135.163333,65,sunshine_normal,5.732,0.6034,0.0367,13.387,5.573,4.487,6.47,3.187,151.0,1.947,72.0,0.14,0.8157,0.0733,0.4983,350,214,8.565,0.2323,0.275,3.35,3.965,351,1
s47778,潮岬,33.45,135.756667,65,sunshine_normal,6.173,0.5138,0.0352,12.84,4.813,6.403,5.976,3.607,13.0,2.527,281.0,0.1667,0.8987,0.12,0.6296,174,217,12.425,0.1395,0.3016,1.459,3.154,174,1
s47780,奈良,34.673333,135.836667,64,sunshine_normal,5.035,0.518,0.0319,11.64,5.707,3.984,5.243,2.573,64.0,1.493,98.0,0.12,0.8674,0.0667,0.5034,16,218,7.5,0.2179,0.3579,2.442,4.011,11,1
s47784,山口,34.161667,131.461667,81,sunshine_normal,5.102,0.5901,0.0392,14.307,7.693,3.86,5.191,3.22,12.0,2.873,99.0,0.1467,0.9738,0.12,0.869,180,215,7.377,0.3109,0.2917,3.887,3.646,351,1
s47800,厳原,34.196667,129.291667,84,sunshine_normal,5.107,0.4953,0.0374,13.653,6.653,4.958,4.557,2.807,14.0,3.013,17.0,0.1533,0.8019,0.12,0.861,183,140,9.447,0.2924,0.2861,2.817,2.757,15,1
s47805,平戸,33.36,129.55,84,sunshine_normal,4.894,0.7089,0.0458,16.707,8.427,3.338,4.943,4.113,11.0,3.26,96.0,0.2067,0.9936,0.1267,0.7874,181,213,6.512,0.3828,0.324,4.884,4.134,13,1
s47807,福岡,33.581667,130.375,82,sunshine_normal,5.175,0.6341,0.0418,15.24,7.467,3.627,5.507,3.333,61.0,1.52,93.0,0.1733,0.8576,0.0667,0.3911,15,211,7.036,0.3576,0.3093,4.763,4.12,14,1
s47809,飯塚,33.651667,130.693333,82,sunshine_normal,5.013,0.6256,0.0411,15.013,7.733,3.614,5.194,3.273,62.0,1.46,98.0,0.16,0.8993,0.0667,0.4011,15,213,6.992,0.3461,0.3048,4.381,3.859,15,1
s47812,佐世保,33.158333,129.726667,84,sunshine_normal,5.269,0.6405,0.0424,15.493,7.307,3.861,5.258,4.013,11.0,3.167,90.0,0.1933,0.9805,0.14,0.7736,178,213,7.556,0.4125,0.3276,5.215,4.142,13,1
s47813,佐賀,33.265,130.305,85,sunshine_normal,5.399,0.4825,0.0371,13.547,6.267,4.391,5.237,3.54,12.0,2.9,132.0,0.1667,0.9725,0.1267,0.7967,178,213,8.567,0.4151,0.3366,4.579,3.713,12,1
s47814,日田,33.321667,130.928333,83,sunshine_normal,4.943,0.5621,0.0378,13.813,7.16,3.852,5.085,3.247,11.0,2.713,94.0,0.1533,0.976,0.1133,0.8156,177,212,7.512,0.362,0.3168,4.171,3.65,347,1
s47815,大分,33.235,131.618333,83,sunshine_normal,5.462,0.4257,0.0329,12.0,5.627,4.973,5.592,3.1,12.0,2.28,145.0,0.14,0.9728,0.0933,0.7155,176,211,9.7,0.2601,0.2874,2.757,3.046,347,1
s47817,長崎,32.733333,129.866667,84,sunshine_normal,5.103,0.7002,0.0419,15.28,7.0,3.608,5.411,4.047,11.0,2.84,95.0,0.1933,0.9775,0.1333,0.686,177,212,7.134,0.3611,0.302,4.81,4.023,12,1
s47818,雲仙岳,32.736667,130.261667,84,sunshine_normal,3.942,0.6522,0.0334,12.187,5.747,3.055,3.436,2.727,14.0,2.92,14.0,0.12,0.8468,0.12,0.9068,179,121,6.043,0.4104,0.3392,3.973,3.284,12,1
s47819,熊本,32.813333,130.706667,86,sunshine_normal,5.473,0.4797,0.0352,12.84,5.707,4.53,5.479,3.467,12.0,2.58,130.0,0.16,0.972,0.12,0.7234,176,212,8.926,0.3905,0.3109,4.36,3.471,13,1
s47822,延岡,32.581667,131.656667,87,sunshine_normal,5.776,0.383,0.0315,11.48,5.467,6.095,5.592,2.907,12.0,1.967,293.0,0.1333,0.9667,0.0867,0.6541,171,208,12.057,0.2988,0.2768,2.484,2.302,338,1
s47823,阿久根,32.026667,130.2,88,sunshine_normal,5.352,0.7415,0.0438,16.0,6.707,3.732,6.014,4.187,148.0,1.447,88.0,0.1933,0.901,0.0733,0.3113,14,211,7.491,0.332,0.2708,4.983,4.065,12,1
s47824,人吉,32.216667,130.755,86,sunshine_normal,4.962,0.5084,0.0345,12.587,6.013,4.139,5.06,3.187,12.0,2.487,89.0,0.1533,0.9696,0.1133,0.7566,175,211,8.286,0.4079,0.3095,4.379,3.323,344,1
s47827,鹿児島,31.555,130.546667,88,sunshine_normal,5.35,0.5647,0.0366,13.373,5.4,4.549,5.469,3.773,13.0,2.44,120.0,0.1733,0.9465,0.1067,0.612,172,211,9.216,0.3313,0.2729,3.758,3.095,12,1
s47829,都城,31.73,131.081667,87,sunshine_normal,5.308,0.4662,0.0319,11.64,5.133,5.479,5.009,3.067,12.0,2.28,285.0,0.1533,0.9426,0.1067,0.7008,171,210,11.045,0.356,0.2819,2.8,2.217,172,1
s47830,宮崎,31.938333,131.413333,87,sunshine_normal,5.815,0.4776,0.0344,12.547,5.44,6.226,5.818,3.333,13.0,2.067,284.0,0.1533,0.9381,0.1,0.5816,169,209,12.487,0.2373,0.2186,2.2,2.027,333,1
s47831,枕崎,31.271667,130.291667,88,sunshine_normal,5.247,0.7532,0.0422,15.387,6.16,3.837,5.899,4.38,12.0,2.353,90.0,0.2,0.9494,0.1133,0.5101,172,210,7.817,0.2844,0.2301,4.042,3.271,12,1
s47835,油津,31.578333,131.406667,87,sunshine_normal,5.349,0.5412,0.0332,12.107,4.76,5.502,5.525,3.507,12.0,2.027,281.0,0.16,0.9546,0.0867,0.5517,171,208,11.12,0.2203,0.1904,2.152,1.86,335,1
s47836,屋久島,30.385,130.658333,88,sunshine_normal,4.155,1.0946,0.0404,14.747,4.453,2.556,5.858,4.013,125.0,2.007,64.0,0.1667,0.7798,0.08,0.3899,14,205,5.317,0.1834,0.2113,2.872,3.308,12,1
s47837,種子島,30.72,130.981667,88,sunshine_normal,4.985,0.7936,0.0374,13.667,4.693,3.718,6.372,3.96,126.0,1.7,75.0,0.1733,0.8826,0.0733,0.3789,15,205,7.662,0.2392,0.1934,3.521,2.847,15,1
s47838,牛深,32.196667,130.026667,86,sunshine_normal,5.347,0.7766,0.0451,16.467,6.96,3.645,5.83,4.513,152.0,1.52,82.0,0.2067,0.9495,0.0667,0.3198,14,211,7.287,0.3432,0.2892,5.103,4.3,13,1
s47843,福江,32.693333,128.826667,84,sunshine_normal,4.797,0.7788,0.046,16.773,7.827,2.966,5.007,4.04,62.0,1.807,94.0,0.1933,0.9031,0.0667,0.4039,14,213,5.876,0.4113,0.3287,5.485,4.383,13,1
s47887,松山,33.843333,132.776667,73,sunshine_normal,5.519,0.5603,0.0379,13.827,6.867,4.331,5.964,3.233,76.0,1.56,81.0,0.1533,0.9291,0.0667,0.4483,349,213,8.349,0.298,0.3156,3.897,4.126,349,1
s47890,多度津,34.275,133.751667,72,sunshine_normal,5.798,0.5549,0.037,13.507,6.213,4.701,6.447,3.193,159.0,2.007,28.0,0.1533,0.8757,0.08,0.5503,349,212,8.967,0.247,0.277,3.442,3.86,349,1
s47891,高松,34.318333,134.053333,72,sunshine_normal,5.61,0.4939,0.0356,12.987,6.613,4.662,6.093,2.933,70.0,1.767,27.0,0.1467,0.9205,0.0733,0.5544,19,212,8.867,0.2536,0.2805,3.177,3.514,349,1
s47892,宇和島,33.226667,132.551667,73,sunshine_normal,5.302,0.7124,0.0396,14.453,6.093,3.748,6.004,3.267,78.0,1.453,83.0,0.1467,0.7815,0.0667,0.3477,350,212,7.348,0.3062,0.3063,4.383,4.384,351,1
s47893,高知,33.566667,133.548333,74,sunshine_normal,5.916,0.3872,0.0294,10.733,4.707,6.172,5.466,2.887,11.0,2.373,290.0,0.1467,0.958,0.0933,0.7876,177,215,11.935,0.3028,0.2969,2.562,2.513,335,1
s47895,徳島,34.066667,134.573333,71,sunshine_normal,5.774,0.4508,0.0347,12.667,5.773,5.233,6.151,3.233,12.0,2.327,24.0,0.1467,0.9381,0.1,0.675,176,214,9.999,0.2137,0.2554,2.625,3.136,348,1
s47897,宿毛,32.905,132.716667,74,sunshine_normal,5.784,0.4587,0.0329,12.027,5.293,5.158,5.972,3.247,12.0,2.173,102.0,0.1533,0.9644,0.0867,0.6455,173,210,10.152,0.2688,0.291,3.12,3.378,349,1
s47898,清水,32.721667,133.01,74,sunshine_normal,6.007,0.5319,0.0344,12.573,4.68,5.904,6.083,3.607,13.0,2.227,282.0,0.1667,0.9139,0.0933,0.5642,173,216,11.654,0.2206,0.2514,2.591,2.953,337,1
s47899,室戸岬,33.251667,134.176667,74,sunshine_normal,5.981,0.5208,0.036,13.147,5.253,5.917,5.702,3.833,11.0,2.6,284.0,0.1933,0.9713,0.1,0.6588,177,213,11.528,0.2317,0.2783,2.45,2.943,338,1
s47909,名瀬,28.385,129.493333,88,sunshine_normal,3.649,1.2124,0.0311,11.36,2.04,1.954,5.709,3.08,98.0,1.487,73.0,0.1733,0.6609,0.0733,0.319,27,199,4.215,0.2485,0.1895,3.632,2.769,7,1
s47912,与那国島,24.466667,123.01,91,sunshine_normal,4.321,1.5337,0.0377,13.747,0.093,1.794,7.775,3.32,76.0,2.06,67.0,0.22,0.4863,0.0867,0.3018,15,199,4.158,0.2776,0.1384,5.815,2.901,15,1
s47917,西表島,24.426667,123.765,91,sunshine_normal,4.72,1.2893,0.0357,13.013,0.253,2.402,7.878,2.893,77.0,2.02,79.0,0.2133,0.4535,0.0867,0.3166,15,182,5.582,0.2915,0.1515,5.791,3.009,349,1
s47918,石垣島,24.336667,124.163333,91,sunshine_normal,5.056,1.1623,0.0348,12.693,0.147,2.821,8.129,3.18,73.0,1.567,77.0,0.2133,0.5069,0.0867,0.2497,23,182,6.552,0.2378,0.1674,4.626,3.256,14,1
s47927,宮古島,24.793333,125.278333,91,sunshine_normal,4.777,1.0865,0.0308,11.24,0.107,2.858,7.436,3.007,82.0,1.333,92.0,0.1933,0.5401,0.0667,0.2395,18,182,6.583,0.2494,0.172,4.342,2.996,15,1
s47929,久米島,26.336667,126.803333,91,sunshine_normal,4.708,1.1912,0.0355,12.947,1.147,2.569,7.405,3.62,90.0,1.773,60.0,0.2,0.6136,0.0733,0.3006,13,198,5.754,0.2969,0.1542,5.474,2.844,12,1
s47936,那覇,26.206667,127.686667,91,sunshine_normal,4.732,0.9178,0.0282,10.293,1.28,3.111,6.803,2.987,88.0,1.367,65.0,0.1733,0.6627,0.0667,0.3033,15,194,6.981,0.298,0.1677,4.505,2.534,14,1
s47940,名護,26.593333,127.965,91,sunshine_normal,4.762,0.95,0.03,10.947,1.36,3.138,6.922,3.267,69.0,1.307,70.0,0.18,0.6815,0.08,0.2726,23,198,6.986,0.2824,0.1559,4.402,2.43,15,1
s47942,沖永良部,27.431667,128.705,88,sunshine_normal,5.084,1.179,0.0386,14.08,1.52,2.775,7.933,4.12,91.0,1.707,65.0,0.22,0.6561,0.0733,0.2718,13,197,6.097,0.3062,0.1652,6.085,3.282,9,1
s47945,南大東（南大東島）,25.828333,131.228333,91,sunshine_normal,5.82,0.8932,0.0399,14.547,2.84,3.947,8.586,4.24,87.0,1.8,93.0,0.2267,0.7244,0.0867,0.3075,347,182,8.934,0.3246,0.1961,5.989,3.619,347,1
s47971,父島,27.091667,142.19,44,sunshine_normal,5.564,0.7115,0.031,11.32,2.16,4.346,7.708,3.713,104.0,1.227,91.0,0.18,0.8108,0.0733,0.2678,350,182,9.64,0.3138,0.1855,4.822,2.849,350,1
s47991,南鳥島,24.288333,153.983333,44,sunshine_normal,7.74,0.6112,0.0325,11.853,1.653,5.71,9.133,1.567,88.0,1.987,137.0,0.0733,0.3072,0.08,0.3895,0,169,13.284,0.2747,0.233,5.009,4.249,364,0
